Sunset by the beach! #beachlife #sunset,#beachlife #sunset,2023-09-27 18:45:00,9.199
Exploring the mountains! #travel #adventure,#travel #adventure,2023-09-28 10:30:00,6.677
Delicious food! #foodie #yum,#foodie #yum,2023-09-28 12:00:00,8.995
Exploring the mountains! #travel #adventure,#travel #adventure,2023-09-28 10:30:00,7.236
Delicious food! #foodie #yum,#foodie #yum,2023-09-28 12:00:00,7.693
Sunset by the beach! #beachlife #sunset,#beachlife #sunset,2023-09-27 18:45:00,12.944
Exploring the mountains! #travel #adventure,#travel #adventure,2023-09-28 10:30:00,8.947
Exploring the mountains! #travel #adventure,#travel #adventure,2023-09-28 10:30:00,8.082
Delicious food! #foodie #yum,#foodie #yum,2023-09-28 12:00:00,8.221Delicious food! #foodie #yum,#foodie #yum,2023-09-28 12:00:00,6.809
Exploring the mountains! #travel #adventure,#travel #adventure,2023-09-28 10:30:00,6.896
Sunset by the beach! #beachlife #sunset,#beachlife,2024-09-30 22:33:01,7.048
Sunset by the beach! #beachlife #sunset,#beachlife #sunset,2023-09-27 18:45:00,10.537
Exploring the mountains! #travel #adventure,#travel #adventure,2023-09-28 10:30:00,7.61
Delicious food! #foodie #yum,#nightlife,2024-10-02 17:55:53,7.249
